{"cameraMode":{"drawMode":0,"name":"Shaded","section":"Shading Mode"},"sceneLighting":true,"audioPlay":false,"sceneViewState":{"showFog":true,"showMaterialUpdate":false,"showSkybox":true,"showFlares":true,"showImageEffects":true,"showParticleSystems":true,"showVisualEffectGraphs":true,"m_FxEnabled":true},"in2DMode":false,"pivot":{"x":6.105021953582764,"y":0.8844303488731384,"z":3.5599300861358644},"rotation":{"x":0.008711058646440506,"y":-0.6877105832099915,"z":0.008252942003309727,"w":0.7258870005607605},"size":0.691115140914917,"orthographic":false}